duration,mean_neg_rev_charge_500_improvement,median_neg_rev_charge_500_improvement
4.0,0.06988871072400453,0.05751994446795883
2.0,0.08009472239841318,0.05723043910528226
1.0,0.08309918709116094,0.06279097534643717
0.5,0.09958856779611003,0.09923078409293953
0.25,0.13941711977521143,0.13776611843267747
