formulation,min_rev_improvements_lkgt5,med_rev_improvements,max_rev_improvement,max_neg_rev_discharge_standard,max_neg_rev_charge_500_standard,max_neg_rev_discharge_apb,max_neg_rev_charge_500_apb
arbitrage_discounted_no_degradation/hyp,0.1445991015030699,0.291237702693409,0.4076671585964029,0.001114444487147587,0.28943078143789214,0.0009053806106194061,0.05221042374504637
arbitrage_throughputpenalty_no_degradation/600000.0,0.13059840125960517,0.44107559482537595,0.7836292288023413,0.01135314258357969,0.36006635513280216,0.006962763887358539,0.05452351938234726
arbitrage_throughputpenalty_no_degradation/800000.0,0.13706614001832815,0.45373874117785984,0.860130227419397,0.0015623148110588928,0.36129979787074185,0.001687379856623454,0.057291445453499935
arbitrage_throughputpenalty_no_degradation/200000.0,0.11432871738825902,0.3226213156035771,0.683313688773886,0.01248551005727752,0.26975355037234633,0.007121915971583968,0.04314123218179427
arbitrage_no_degradation,0.10096500362145246,0.27379020257143993,0.4978681272068267,0.03854378949162245,0.20499280215435836,0.023421797153251253,0.035830828982764774
arbitrage_throughputpenalty_no_degradation/400000.0,0.1173053968329046,0.3718434366142929,0.7419037858184889,0.011516613236363781,0.34779621246503317,0.006874560238074517,0.05341673038601346
arbitrage_discounted_no_degradation/exp,0.12139027359881101,0.2678396036469154,0.38753467396529745,0.0028037920512216205,0.2892076390500374,0.0034191761483650233,0.052496665018914285
